"amount_bucket","transactions_per_amount","average_amount","transaction_share","fraud_count","fraud_rate","fraud_share"
"0-10","99821","3.8884160647559267","35.1822","238","0.2384","50.3171"
"10-25","49819","16.788393384050085","17.5588","27","0.0542","5.7082"
"100-250","33828","158.15397244885702","11.9228","54","0.1596","11.4165"
"1000+","2935","1808.3962759795565","1.0344","9","0.3066","1.9027"
"25-50","40508","37.26070331786302","14.2772","28","0.0691","5.9197"
"250-500","13462","349.41840514039467","4.7447","37","0.2748","7.8224"
"50-100","37179","73.30719519083256","13.1038","55","0.1479","11.6279"
"500-1000","6174","693.4052688694519","2.1760","25","0.4049","5.2854"
